{"cameraMode":{"drawMode":0,"name":"Shaded","section":"Shading Mode"},"sceneLighting":true,"audioPlay":false,"sceneViewState":{"showFog":true,"showMaterialUpdate":false,"showSkybox":true,"showFlares":true,"showImageEffects":true,"showParticleSystems":true},"in2DMode":false,"pivot":{"x":-0.9833920001983643,"y":-17.519874572753908,"z":15.087896347045899},"rotation":{"x":0.429829478263855,"y":-0.010250592604279518,"z":0.004880910739302635,"w":0.9028387069702148},"size":41.92181396484375,"orthographic":false}